*FORCE_LENGTH,1,1,,,,,,,,,,,,,,,,,,,,,,,,,,,,,,,,
16,,,,,,,,,,,,,,,,,,,,,,,,,,,,,,,,,,
*SENSE_LENGTH,1,1,,,,,,,,,,,,,,,,,,,,,,,,,,,,,,,,
35,,,,,,,,,,,,,,,,,,,,,,,,,,,,,,,,,,
*KEY_LENGTH,1,1,,,,,,,,,,,,,,,,,,,,,,,,,,,,,,,,
0,,,,,,,,,,,,,,,,,,,,,,,,,,,,,,,,,,
*SSKEY_LENGTH,1,1,,,,,,,,,,,,,,,,,,,,,,,,,,,,,,,,
0,,,,,,,,,,,,,,,,,,,,,,,,,,,,,,,,,,
*EN_LP_TIMER_CALIBRATION,1,1,,,,,,,,,,,,,,,,,,,,,,,,,,,,,,,,
1,,,,,,,,,,,,,,,,,,,,,,,,,,,,,,,,,,
*EN_MUTUAL_AUTOTUNE,1,1,,,,,,,,,,,,,,,,,,,,,,,,,,,,,,,,
1,,,,,,,,,,,,,,,,,,,,,,,,,,,,,,,,,,
*EN_SELF_AUTOTUNE,1,1,,,,,,,,,,,,,,,,,,,,,,,,,,,,,,,,
1,,,,,,,,,,,,,,,,,,,,,,,,,,,,,,,,,,
*EN_SAVE_CX,1,1,,,,,,,,,,,,,,,,,,,,,,,,,,,,,,,,
1,,,,,,,,,,,,,,,,,,,,,,,,,,,,,,,,,,
*CX1_W,1,1,,,,,,,,,,,,,,,,,,,,,,,,,,,,,,,,
8,,,,,,,,,,,,,,,,,,,,,,,,,,,,,,,,,,
*CX2_W,1,1,,,,,,,,,,,,,,,,,,,,,,,,,,,,,,,,
1,,,,,,,,,,,,,,,,,,,,,,,,,,,,,,,,,,
*IX1_FORCE_W,1,1,,,,,,,,,,,,,,,,,,,,,,,,,,,,,,,,
2,,,,,,,,,,,,,,,,,,,,,,,,,,,,,,,,,,
*IX2_FORCE_W,1,1,,,,,,,,,,,,,,,,,,,,,,,,,,,,,,,,
1,,,,,,,,,,,,,,,,,,,,,,,,,,,,,,,,,,
*IX1_SENSE_W,1,1,,,,,,,,,,,,,,,,,,,,,,,,,,,,,,,,
2,,,,,,,,,,,,,,,,,,,,,,,,,,,,,,,,,,
*IX2_SENSE_W,1,1,,,,,,,,,,,,,,,,,,,,,,,,,,,,,,,,
1,,,,,,,,,,,,,,,,,,,,,,,,,,,,,,,,,,
*MS_RAW_DATA_MIN_MAX,1,2,,,,,,,,,,,,,,,,,,,,,,,,,,,,,,,,
-15000,15000,,,,,,,,,,,,,,,,,,,,,,,,,,,,,,,,,
*MS_RAW_DATA_EACH_MIN,16,35,,,,,,,,,,,,,,,,,,,,,,,,,,,,,,,,
-10000,-2500,-2500,-2500,-2500,-2500,-2500,-2500,-2500,-2500,-2500,-2500,-2500,-2500,-2500,-2500,-2500,-2500,-2500,-2500,-2500,-2500,-2500,-2500,-2500,-2500,-2500,-2500,-2500,-2500,-2500,-2500,-2500,-2500,-2500
-10000,-2500,-2500,-2500,-2500,-2500,-2500,-2500,-2500,-2500,-2500,-2500,-2500,-2500,-2500,-2500,-2500,-2500,-2500,-2500,-2500,-2500,-2500,-2500,-2500,-2500,-2500,-2500,-2500,-2500,-2500,-2500,-2500,-2500,-2500
-10000,-2500,-2500,-2500,-2500,-2500,-2500,-2500,-2500,-2500,-2500,-2500,-2500,-2500,-2500,-2500,-2500,-2500,-2500,-2500,-2500,-2500,-2500,-2500,-2500,-2500,-2500,-2500,-2500,-2500,-2500,-2500,-2500,-2500,-2500
-10000,-2500,-2500,-2500,-2500,-2500,-2500,-2500,-2500,-2500,-2500,-2500,-2500,-2500,-2500,-2500,-2500,-2500,-2500,-2500,-2500,-2500,-2500,-2500,-2500,-2500,-2500,-2500,-2500,-2500,-2500,-2500,-2500,-2500,-2500
-10000,-2500,-2500,-2500,-2500,-2500,-2500,-2500,-2500,-2500,-2500,-2500,-2500,-2500,-2500,-2500,-2500,-2500,-2500,-2500,-2500,-2500,-2500,-2500,-2500,-2500,-2500,-2500,-2500,-2500,-2500,-2500,-2500,-2500,-2500
-10000,-2500,-2500,-2500,-2500,-2500,-2500,-2500,-2500,-2500,-2500,-2500,-2500,-2500,-2500,-2500,-2500,-2500,-2500,-2500,-2500,-2500,-2500,-2500,-2500,-2500,-2500,-2500,-2500,-2500,-2500,-2500,-2500,-2500,-2500
-10000,-2500,-2500,-2500,-2500,-2500,-2500,-2500,-2500,-2500,-2500,-2500,-2500,-2500,-2500,-2500,-2500,-2500,-2500,-2500,-2500,-2500,-2500,-2500,-2500,-2500,-2500,-2500,-2500,-2500,-2500,-2500,-2500,-2500,-2500
-10000,-2500,-2500,-2500,-2500,-2500,-2500,-2500,-2500,-2500,-2500,-2500,-2500,-2500,-2500,-2500,-2500,-2500,-2500,-2500,-2500,-2500,-2500,-2500,-2500,-2500,-2500,-2500,-2500,-2500,-2500,-2500,-2500,-2500,-2500
-10000,-2500,-2500,-2500,-2500,-2500,-2500,-2500,-2500,-2500,-2500,-2500,-2500,-2500,-2500,-2500,-2500,-2500,-2500,-2500,-2500,-2500,-2500,-2500,-2500,-2500,-2500,-2500,-2500,-2500,-2500,-2500,-2500,-2500,-2500
-10000,-2500,-2500,-2500,-2500,-2500,-2500,-2500,-2500,-2500,-2500,-2500,-2500,-2500,-2500,-2500,-2500,-2500,-2500,-2500,-2500,-2500,-2500,-2500,-2500,-2500,-2500,-2500,-2500,-2500,-2500,-2500,-2500,-2500,-2500
-10000,-2500,-2500,-2500,-2500,-2500,-2500,-2500,-2500,-2500,-2500,-2500,-2500,-2500,-2500,-2500,-2500,-2500,-2500,-2500,-2500,-2500,-2500,-2500,-2500,-2500,-2500,-2500,-2500,-2500,-2500,-2500,-2500,-2500,-2500
-10000,-2500,-2500,-2500,-2500,-2500,-2500,-2500,-2500,-2500,-2500,-2500,-2500,-2500,-2500,-2500,-2500,-2500,-2500,-2500,-2500,-2500,-2500,-2500,-2500,-2500,-2500,-2500,-2500,-2500,-2500,-2500,-2500,-2500,-2500
-10000,-2500,-2500,-2500,-2500,-2500,-2500,-2500,-2500,-2500,-2500,-2500,-2500,-2500,-2500,-2500,-2500,-2500,-2500,-2500,-2500,-2500,-2500,-2500,-2500,-2500,-2500,-2500,-2500,-2500,-2500,-2500,-2500,-2500,-2500
-10000,-2500,-2500,-2500,-2500,-2500,-2500,-2500,-2500,-2500,-2500,-2500,-2500,-2500,-2500,-2500,-2500,-2500,-2500,-2500,-2500,-2500,-2500,-2500,-2500,-2500,-2500,-2500,-2500,-2500,-2500,-2500,-2500,-2500,-2500
-10000,-2500,-2500,-2500,-2500,-2500,-2500,-2500,-2500,-2500,-2500,-2500,-2500,-2500,-2500,-2500,-2500,-2500,-2500,-2500,-2500,-2500,-2500,-2500,-2500,-2500,-2500,-2500,-2500,-2500,-2500,-2500,-2500,-2500,-2500
-10000,-2500,-2500,-2500,-2500,-2500,-2500,-2500,-2500,-2500,-2500,-2500,-2500,-2500,-2500,-2500,-2500,-2500,-2500,-2500,-2500,-2500,-2500,-2500,-2500,-2500,-2500,-2500,-2500,-2500,-2500,-2500,-2500,-2500,-2500
*MS_RAW_DATA_EACH_MAX,16,35,,,,,,,,,,,,,,,,,,,,,,,,,,,,,,,,
15000,3000,3000,3000,3000,3000,3000,3000,3000,3000,3000,3000,3000,3000,3000,3000,3000,3000,3000,3000,3000,3000,3000,3000,3000,3000,3000,3000,3000,3000,3000,3000,3000,3000,3000
15000,3000,3000,3000,3000,3000,3000,3000,3000,3000,3000,3000,3000,3000,3000,3000,3000,3000,3000,3000,3000,3000,3000,3000,3000,3000,3000,3000,3000,3000,3000,3000,3000,3000,3000
15000,3000,3000,3000,3000,3000,3000,3000,3000,3000,3000,3000,3000,3000,3000,3000,3000,3000,3000,3000,3000,3000,3000,3000,3000,3000,3000,3000,3000,3000,3000,3000,3000,3000,3000
15000,3000,3000,3000,3000,3000,3000,3000,3000,3000,3000,3000,3000,3000,3000,3000,3000,3000,3000,3000,3000,3000,3000,3000,3000,3000,3000,3000,3000,3000,3000,3000,3000,3000,3000
15000,3000,3000,3000,3000,3000,3000,3000,3000,3000,3000,3000,3000,3000,3000,3000,3000,3000,3000,3000,3000,3000,3000,3000,3000,3000,3000,3000,3000,3000,3000,3000,3000,3000,3000
15000,3000,3000,3000,3000,3000,3000,3000,3000,3000,3000,3000,3000,3000,3000,3000,3000,3000,3000,3000,3000,3000,3000,3000,3000,3000,3000,3000,3000,3000,3000,3000,3000,3000,3000
15000,3000,3000,3000,3000,3000,3000,3000,3000,3000,3000,3000,3000,3000,3000,3000,3000,3000,3000,3000,3000,3000,3000,3000,3000,3000,3000,3000,3000,3000,3000,3000,3000,3000,3000
15000,3000,3000,3000,3000,3000,3000,3000,3000,3000,3000,3000,3000,3000,3000,3000,3000,3000,3000,3000,3000,3000,3000,3000,3000,3000,3000,3000,3000,3000,3000,3000,3000,3000,3000
15000,3000,3000,3000,3000,3000,3000,3000,3000,3000,3000,3000,3000,3000,3000,3000,3000,3000,3000,3000,3000,3000,3000,3000,3000,3000,3000,3000,3000,3000,3000,3000,3000,3000,3000
15000,3000,3000,3000,3000,3000,3000,3000,3000,3000,3000,3000,3000,3000,3000,3000,3000,3000,3000,3000,3000,3000,3000,3000,3000,3000,3000,3000,3000,3000,3000,3000,3000,3000,3000
15000,3000,3000,3000,3000,3000,3000,3000,3000,3000,3000,3000,3000,3000,3000,3000,3000,3000,3000,3000,3000,3000,3000,3000,3000,3000,3000,3000,3000,3000,3000,3000,3000,3000,3000
15000,3000,3000,3000,3000,3000,3000,3000,3000,3000,3000,3000,3000,3000,3000,3000,3000,3000,3000,3000,3000,3000,3000,3000,3000,3000,3000,3000,3000,3000,3000,3000,3000,3000,3000
15000,3000,3000,3000,3000,3000,3000,3000,3000,3000,3000,3000,3000,3000,3000,3000,3000,3000,3000,3000,3000,3000,3000,3000,3000,3000,3000,3000,3000,3000,3000,3000,3000,3000,3000
15000,3000,3000,3000,3000,3000,3000,3000,3000,3000,3000,3000,3000,3000,3000,3000,3000,3000,3000,3000,3000,3000,3000,3000,3000,3000,3000,3000,3000,3000,3000,3000,3000,3000,3000
15000,3000,3000,3000,3000,3000,3000,3000,3000,3000,3000,3000,3000,3000,3000,3000,3000,3000,3000,3000,3000,3000,3000,3000,3000,3000,3000,3000,3000,3000,3000,3000,3000,3000,3000
15000,3000,3000,3000,3000,3000,3000,3000,3000,3000,3000,3000,3000,3000,3000,3000,3000,3000,3000,3000,3000,3000,3000,3000,3000,3000,3000,3000,3000,3000,3000,3000,3000,3000,3000
*MS_RAW_ITO_DATA_ADJ_HORIZONTAL,16,34,,,,,,,,,,,,,,,,,,,,,,,,,,,,,,,,
1000,1000,1000,1000,1000,1000,1000,1000,1000,1000,1000,1000,1000,1000,1000,1000,1000,1000,1000,1000,1000,1000,1000,1000,1000,1000,1000,1000,1000,1000,1000,1000,1000,1000,
1000,1000,1000,1000,1000,1000,1000,1000,1000,1000,1000,1000,1000,1000,1000,1000,1000,1000,1000,1000,1000,1000,1000,1000,1000,1000,1000,1000,1000,1000,1000,1000,1000,1000,
1000,1000,1000,1000,1000,1000,1000,1000,1000,1000,1000,1000,1000,1000,1000,1000,1000,1000,1000,1000,1000,1000,1000,1000,1000,1000,1000,1000,1000,1000,1000,1000,1000,1000,
1000,1000,1000,1000,1000,1000,1000,1000,1000,1000,1000,1000,1000,1000,1000,1000,1000,1000,1000,1000,1000,1000,1000,1000,1000,1000,1000,1000,1000,1000,1000,1000,1000,1000,
1000,1000,1000,1000,1000,1000,1000,1000,1000,1000,1000,1000,1000,1000,1000,1000,1000,1000,1000,1000,1000,1000,1000,1000,1000,1000,1000,1000,1000,1000,1000,1000,1000,1000,
1000,1000,1000,1000,1000,1000,1000,1000,1000,1000,1000,1000,1000,1000,1000,1000,1000,1000,1000,1000,1000,1000,1000,1000,1000,1000,1000,1000,1000,1000,1000,1000,1000,1000,
1000,1000,1000,1000,1000,1000,1000,1000,1000,1000,1000,1000,1000,1000,1000,1000,1000,1000,1000,1000,1000,1000,1000,1000,1000,1000,1000,1000,1000,1000,1000,1000,1000,1000,
1000,1000,1000,1000,1000,1000,1000,1000,1000,1000,1000,1000,1000,1000,1000,1000,1000,1000,1000,1000,1000,1000,1000,1000,1000,1000,1000,1000,1000,1000,1000,1000,1000,1000,
1000,1000,1000,1000,1000,1000,1000,1000,1000,1000,1000,1000,1000,1000,1000,1000,1000,1000,1000,1000,1000,1000,1000,1000,1000,1000,1000,1000,1000,1000,1000,1000,1000,1000,
1000,1000,1000,1000,1000,1000,1000,1000,1000,1000,1000,1000,1000,1000,1000,1000,1000,1000,1000,1000,1000,1000,1000,1000,1000,1000,1000,1000,1000,1000,1000,1000,1000,1000,
1000,1000,1000,1000,1000,1000,1000,1000,1000,1000,1000,1000,1000,1000,1000,1000,1000,1000,1000,1000,1000,1000,1000,1000,1000,1000,1000,1000,1000,1000,1000,1000,1000,1000,
1000,1000,1000,1000,1000,1000,1000,1000,1000,1000,1000,1000,1000,1000,1000,1000,1000,1000,1000,1000,1000,1000,1000,1000,1000,1000,1000,1000,1000,1000,1000,1000,1000,1000,
1000,1000,1000,1000,1000,1000,1000,1000,1000,1000,1000,1000,1000,1000,1000,1000,1000,1000,1000,1000,1000,1000,1000,1000,1000,1000,1000,1000,1000,1000,1000,1000,1000,1000,
1000,1000,1000,1000,1000,1000,1000,1000,1000,1000,1000,1000,1000,1000,1000,1000,1000,1000,1000,1000,1000,1000,1000,1000,1000,1000,1000,1000,1000,1000,1000,1000,1000,1000,
1000,1000,1000,1000,1000,1000,1000,1000,1000,1000,1000,1000,1000,1000,1000,1000,1000,1000,1000,1000,1000,1000,1000,1000,1000,1000,1000,1000,1000,1000,1000,1000,1000,1000,
1000,1000,1000,1000,1000,1000,1000,1000,1000,1000,1000,1000,1000,1000,1000,1000,1000,1000,1000,1000,1000,1000,1000,1000,1000,1000,1000,1000,1000,1000,1000,1000,1000,1000,
*MS_RAW_ITO_DATA_ADJ_VERTICAL,15,35,,,,,,,,,,,,,,,,,,,,,,,,,,,,,,,,
1000,1000,1000,1000,1000,1000,1000,1000,1000,1000,1000,1000,1000,1000,1000,1000,1000,1000,1000,1000,1000,1000,1000,1000,1000,1000,1000,1000,1000,1000,1000,1000,1000,1000,1000
1000,1000,1000,1000,1000,1000,1000,1000,1000,1000,1000,1000,1000,1000,1000,1000,1000,1000,1000,1000,1000,1000,1000,1000,1000,1000,1000,1000,1000,1000,1000,1000,1000,1000,1000
1000,1000,1000,1000,1000,1000,1000,1000,1000,1000,1000,1000,1000,1000,1000,1000,1000,1000,1000,1000,1000,1000,1000,1000,1000,1000,1000,1000,1000,1000,1000,1000,1000,1000,1000
1000,1000,1000,1000,1000,1000,1000,1000,1000,1000,1000,1000,1000,1000,1000,1000,1000,1000,1000,1000,1000,1000,1000,1000,1000,1000,1000,1000,1000,1000,1000,1000,1000,1000,1000
1000,1000,1000,1000,1000,1000,1000,1000,1000,1000,1000,1000,1000,1000,1000,1000,1000,1000,1000,1000,1000,1000,1000,1000,1000,1000,1000,1000,1000,1000,1000,1000,1000,1000,1000
1000,1000,1000,1000,1000,1000,1000,1000,1000,1000,1000,1000,1000,1000,1000,1000,1000,1000,1000,1000,1000,1000,1000,1000,1000,1000,1000,1000,1000,1000,1000,1000,1000,1000,1000
1000,1000,1000,1000,1000,1000,1000,1000,1000,1000,1000,1000,1000,1000,1000,1000,1000,1000,1000,1000,1000,1000,1000,1000,1000,1000,1000,1000,1000,1000,1000,1000,1000,1000,1000
1000,1000,1000,1000,1000,1000,1000,1000,1000,1000,1000,1000,1000,1000,1000,1000,1000,1000,1000,1000,1000,1000,1000,1000,1000,1000,1000,1000,1000,1000,1000,1000,1000,1000,1000
1000,1000,1000,1000,1000,1000,1000,1000,1000,1000,1000,1000,1000,1000,1000,1000,1000,1000,1000,1000,1000,1000,1000,1000,1000,1000,1000,1000,1000,1000,1000,1000,1000,1000,1000
1000,1000,1000,1000,1000,1000,1000,1000,1000,1000,1000,1000,1000,1000,1000,1000,1000,1000,1000,1000,1000,1000,1000,1000,1000,1000,1000,1000,1000,1000,1000,1000,1000,1000,1000
1000,1000,1000,1000,1000,1000,1000,1000,1000,1000,1000,1000,1000,1000,1000,1000,1000,1000,1000,1000,1000,1000,1000,1000,1000,1000,1000,1000,1000,1000,1000,1000,1000,1000,1000
1000,1000,1000,1000,1000,1000,1000,1000,1000,1000,1000,1000,1000,1000,1000,1000,1000,1000,1000,1000,1000,1000,1000,1000,1000,1000,1000,1000,1000,1000,1000,1000,1000,1000,1000
1000,1000,1000,1000,1000,1000,1000,1000,1000,1000,1000,1000,1000,1000,1000,1000,1000,1000,1000,1000,1000,1000,1000,1000,1000,1000,1000,1000,1000,1000,1000,1000,1000,1000,1000
1000,1000,1000,1000,1000,1000,1000,1000,1000,1000,1000,1000,1000,1000,1000,1000,1000,1000,1000,1000,1000,1000,1000,1000,1000,1000,1000,1000,1000,1000,1000,1000,1000,1000,1000
1000,1000,1000,1000,1000,1000,1000,1000,1000,1000,1000,1000,1000,1000,1000,1000,1000,1000,1000,1000,1000,1000,1000,1000,1000,1000,1000,1000,1000,1000,1000,1000,1000,1000,1000
*MS_TOUCH_LOWPOWER_CX2_MIN,16,35,,,,,,,,,,,,,,,,,,,,,,,,,,,,,,,,
5,5,5,5,5,5,5,5,5,5,5,5,5,5,5,5,5,5,5,5,5,5,5,5,5,5,5,5,5,5,5,5,5,5,5
5,5,5,5,5,5,5,5,5,5,5,5,5,5,5,5,5,5,5,5,5,5,5,5,5,5,5,5,5,5,5,5,5,5,5
5,5,5,5,5,5,5,5,5,5,5,5,5,5,5,5,5,5,5,5,5,5,5,5,5,5,5,5,5,5,5,5,5,5,5
5,5,5,5,5,5,5,5,5,5,5,5,5,5,5,5,5,5,5,5,5,5,5,5,5,5,5,5,5,5,5,5,5,5,5
5,5,5,5,5,5,5,5,5,5,5,5,5,5,5,5,5,5,5,5,5,5,5,5,5,5,5,5,5,5,5,5,5,5,5
5,5,5,5,5,5,5,5,5,5,5,5,5,5,5,5,5,5,5,5,5,5,5,5,5,5,5,5,5,5,5,5,5,5,5
5,5,5,5,5,5,5,5,5,5,5,5,5,5,5,5,5,5,5,5,5,5,5,5,5,5,5,5,5,5,5,5,5,5,5
5,5,5,5,5,5,5,5,5,5,5,5,5,5,5,5,5,5,5,5,5,5,5,5,5,5,5,5,5,5,5,5,5,5,5
5,5,5,5,5,5,5,5,5,5,5,5,5,5,5,5,5,5,5,5,5,5,5,5,5,5,5,5,5,5,5,5,5,5,5
5,5,5,5,5,5,5,5,5,5,5,5,5,5,5,5,5,5,5,5,5,5,5,5,5,5,5,5,5,5,5,5,5,5,5
5,5,5,5,5,5,5,5,5,5,5,5,5,5,5,5,5,5,5,5,5,5,5,5,5,5,5,5,5,5,5,5,5,5,5
5,5,5,5,5,5,5,5,5,5,5,5,5,5,5,5,5,5,5,5,5,5,5,5,5,5,5,5,5,5,5,5,5,5,5
5,5,5,5,5,5,5,5,5,5,5,5,5,5,5,5,5,5,5,5,5,5,5,5,5,5,5,5,5,5,5,5,5,5,5
5,5,5,5,5,5,5,5,5,5,5,5,5,5,5,5,5,5,5,5,5,5,5,5,5,5,5,5,5,5,5,5,5,5,5
5,5,5,5,5,5,5,5,5,5,5,5,5,5,5,5,5,5,5,5,5,5,5,5,5,5,5,5,5,5,5,5,5,5,5
5,5,5,5,5,5,5,5,5,5,5,5,5,5,5,5,5,5,5,5,5,5,5,5,5,5,5,5,5,5,5,5,5,5,5
*MS_TOUCH_LOWPOWER_CX2_MAX,16,35,,,,,,,,,,,,,,,,,,,,,,,,,,,,,,,,
64,64,64,64,64,64,64,64,64,64,64,64,64,64,64,64,64,64,64,64,64,64,64,64,64,64,64,64,64,64,64,64,64,64,64
64,64,64,64,64,64,64,64,64,64,64,64,64,64,64,64,64,64,64,64,64,64,64,64,64,64,64,64,64,64,64,64,64,64,64
64,64,64,64,64,64,64,64,64,64,64,64,64,64,64,64,64,64,64,64,64,64,64,64,64,64,64,64,64,64,64,64,64,64,64
64,64,64,64,64,64,64,64,64,64,64,64,64,64,64,64,64,64,64,64,64,64,64,64,64,64,64,64,64,64,64,64,64,64,64
64,64,64,64,64,64,64,64,64,64,64,64,64,64,64,64,64,64,64,64,64,64,64,64,64,64,64,64,64,64,64,64,64,64,64
64,64,64,64,64,64,64,64,64,64,64,64,64,64,64,64,64,64,64,64,64,64,64,64,64,64,64,64,64,64,64,64,64,64,64
64,64,64,64,64,64,64,64,64,64,64,64,64,64,64,64,64,64,64,64,64,64,64,64,64,64,64,64,64,64,64,64,64,64,64
64,64,64,64,64,64,64,64,64,64,64,64,64,64,64,64,64,64,64,64,64,64,64,64,64,64,64,64,64,64,64,64,64,64,64
64,64,64,64,64,64,64,64,64,64,64,64,64,64,64,64,64,64,64,64,64,64,64,64,64,64,64,64,64,64,64,64,64,64,64
64,64,64,64,64,64,64,64,64,64,64,64,64,64,64,64,64,64,64,64,64,64,64,64,64,64,64,64,64,64,64,64,64,64,64
64,64,64,64,64,64,64,64,64,64,64,64,64,64,64,64,64,64,64,64,64,64,64,64,64,64,64,64,64,64,64,64,64,64,64
64,64,64,64,64,64,64,64,64,64,64,64,64,64,64,64,64,64,64,64,64,64,64,64,64,64,64,64,64,64,64,64,64,64,64
64,64,64,64,64,64,64,64,64,64,64,64,64,64,64,64,64,64,64,64,64,64,64,64,64,64,64,64,64,64,64,64,64,64,64
64,64,64,64,64,64,64,64,64,64,64,64,64,64,64,64,64,64,64,64,64,64,64,64,64,64,64,64,64,64,64,64,64,64,64
64,64,64,64,64,64,64,64,64,64,64,64,64,64,64,64,64,64,64,64,64,64,64,64,64,64,64,64,64,64,64,64,64,64,64
64,64,64,64,64,64,64,64,64,64,64,64,64,64,64,64,64,64,64,64,64,64,64,64,64,64,64,64,64,64,64,64,64,64,64
*MS_TOUCH_LOWPOWER_CX2_ADJ_HORIZONTAL,16,34,,,,,,,,,,,,,,,,,,,,,,,,,,,,,,,,
10,10,10,10,10,10,10,10,10,10,10,10,10,10,10,10,10,10,10,10,10,10,10,10,10,10,10,10,10,10,10,10,10,10,
10,10,10,10,10,10,10,10,10,10,10,10,10,10,10,10,10,10,10,10,10,10,10,10,10,10,10,10,10,10,10,10,10,10,
10,10,10,10,10,10,10,10,10,10,10,10,10,10,10,10,10,10,10,10,10,10,10,10,10,10,10,10,10,10,10,10,10,10,
10,10,10,10,10,10,10,10,10,10,10,10,10,10,10,10,10,10,10,10,10,10,10,10,10,10,10,10,10,10,10,10,10,10,
10,10,10,10,10,10,10,10,10,10,10,10,10,10,10,10,10,10,10,10,10,10,10,10,10,10,10,10,10,10,10,10,10,10,
10,10,10,10,10,10,10,10,10,10,10,10,10,10,10,10,10,10,10,10,10,10,10,10,10,10,10,10,10,10,10,10,10,10,
10,10,10,10,10,10,10,10,10,10,10,10,10,10,10,10,10,10,10,10,10,10,10,10,10,10,10,10,10,10,10,10,10,10,
10,10,10,10,10,10,10,10,10,10,10,10,10,10,10,10,10,10,10,10,10,10,10,10,10,10,10,10,10,10,10,10,10,10,
10,10,10,10,10,10,10,10,10,10,10,10,10,10,10,10,10,10,10,10,10,10,10,10,10,10,10,10,10,10,10,10,10,10,
10,10,10,10,10,10,10,10,10,10,10,10,10,10,10,10,10,10,10,10,10,10,10,10,10,10,10,10,10,10,10,10,10,10,
10,10,10,10,10,10,10,10,10,10,10,10,10,10,10,10,10,10,10,10,10,10,10,10,10,10,10,10,10,10,10,10,10,10,
10,10,10,10,10,10,10,10,10,10,10,10,10,10,10,10,10,10,10,10,10,10,10,10,10,10,10,10,10,10,10,10,10,10,
10,10,10,10,10,10,10,10,10,10,10,10,10,10,10,10,10,10,10,10,10,10,10,10,10,10,10,10,10,10,10,10,10,10,
10,10,10,10,10,10,10,10,10,10,10,10,10,10,10,10,10,10,10,10,10,10,10,10,10,10,10,10,10,10,10,10,10,10,
10,10,10,10,10,10,10,10,10,10,10,10,10,10,10,10,10,10,10,10,10,10,10,10,10,10,10,10,10,10,10,10,10,10,
10,10,10,10,10,10,10,10,10,10,10,10,10,10,10,10,10,10,10,10,10,10,10,10,10,10,10,10,10,10,10,10,10,10,
*MS_TOUCH_LOWPOWER_CX2_ADJ_VERTICAL,15,35,,,,,,,,,,,,,,,,,,,,,,,,,,,,,,,,
10,10,10,10,10,10,10,10,10,10,10,10,10,10,10,10,10,10,10,10,10,10,10,10,10,10,10,10,10,10,10,10,10,10,10
10,10,10,10,10,10,10,10,10,10,10,10,10,10,10,10,10,10,10,10,10,10,10,10,10,10,10,10,10,10,10,10,10,10,10
10,10,10,10,10,10,10,10,10,10,10,10,10,10,10,10,10,10,10,10,10,10,10,10,10,10,10,10,10,10,10,10,10,10,10
10,10,10,10,10,10,10,10,10,10,10,10,10,10,10,10,10,10,10,10,10,10,10,10,10,10,10,10,10,10,10,10,10,10,10
10,10,10,10,10,10,10,10,10,10,10,10,10,10,10,10,10,10,10,10,10,10,10,10,10,10,10,10,10,10,10,10,10,10,10
10,10,10,10,10,10,10,10,10,10,10,10,10,10,10,10,10,10,10,10,10,10,10,10,10,10,10,10,10,10,10,10,10,10,10
10,10,10,10,10,10,10,10,10,10,10,10,10,10,10,10,10,10,10,10,10,10,10,10,10,10,10,10,10,10,10,10,10,10,10
10,10,10,10,10,10,10,10,10,10,10,10,10,10,10,10,10,10,10,10,10,10,10,10,10,10,10,10,10,10,10,10,10,10,10
10,10,10,10,10,10,10,10,10,10,10,10,10,10,10,10,10,10,10,10,10,10,10,10,10,10,10,10,10,10,10,10,10,10,10
10,10,10,10,10,10,10,10,10,10,10,10,10,10,10,10,10,10,10,10,10,10,10,10,10,10,10,10,10,10,10,10,10,10,10
10,10,10,10,10,10,10,10,10,10,10,10,10,10,10,10,10,10,10,10,10,10,10,10,10,10,10,10,10,10,10,10,10,10,10
10,10,10,10,10,10,10,10,10,10,10,10,10,10,10,10,10,10,10,10,10,10,10,10,10,10,10,10,10,10,10,10,10,10,10
10,10,10,10,10,10,10,10,10,10,10,10,10,10,10,10,10,10,10,10,10,10,10,10,10,10,10,10,10,10,10,10,10,10,10
10,10,10,10,10,10,10,10,10,10,10,10,10,10,10,10,10,10,10,10,10,10,10,10,10,10,10,10,10,10,10,10,10,10,10
10,10,10,10,10,10,10,10,10,10,10,10,10,10,10,10,10,10,10,10,10,10,10,10,10,10,10,10,10,10,10,10,10,10,10
*SS_RAW_DATA_FORCE_MIN_MAX,1,2,,,,,,,,,,,,,,,,,,,,,,,,,,,,,,,,
-16000,16000,,,,,,,,,,,,,,,,,,,,,,,,,,,,,,,,,
*SS_RAW_DATA_FORCE_EACH_MIN,16,1,,,,,,,,,,,,,,,,,,,,,,,,,,,,,,,,
-16000,,,,,,,,,,,,,,,,,,,,,,,,,,,,,,,,,,
-16000,,,,,,,,,,,,,,,,,,,,,,,,,,,,,,,,,,
-16000,,,,,,,,,,,,,,,,,,,,,,,,,,,,,,,,,,
-16000,,,,,,,,,,,,,,,,,,,,,,,,,,,,,,,,,,
-16000,,,,,,,,,,,,,,,,,,,,,,,,,,,,,,,,,,
-16000,,,,,,,,,,,,,,,,,,,,,,,,,,,,,,,,,,
-16000,,,,,,,,,,,,,,,,,,,,,,,,,,,,,,,,,,
-16000,,,,,,,,,,,,,,,,,,,,,,,,,,,,,,,,,,
-16000,,,,,,,,,,,,,,,,,,,,,,,,,,,,,,,,,,
-16000,,,,,,,,,,,,,,,,,,,,,,,,,,,,,,,,,,
-16000,,,,,,,,,,,,,,,,,,,,,,,,,,,,,,,,,,
-16000,,,,,,,,,,,,,,,,,,,,,,,,,,,,,,,,,,
-16000,,,,,,,,,,,,,,,,,,,,,,,,,,,,,,,,,,
-16000,,,,,,,,,,,,,,,,,,,,,,,,,,,,,,,,,,
-16000,,,,,,,,,,,,,,,,,,,,,,,,,,,,,,,,,,
-16000,,,,,,,,,,,,,,,,,,,,,,,,,,,,,,,,,,
*SS_RAW_DATA_FORCE_EACH_MAX,16,1,,,,,,,,,,,,,,,,,,,,,,,,,,,,,,,,
16000,,,,,,,,,,,,,,,,,,,,,,,,,,,,,,,,,,
16000,,,,,,,,,,,,,,,,,,,,,,,,,,,,,,,,,,
16000,,,,,,,,,,,,,,,,,,,,,,,,,,,,,,,,,,
16000,,,,,,,,,,,,,,,,,,,,,,,,,,,,,,,,,,
16000,,,,,,,,,,,,,,,,,,,,,,,,,,,,,,,,,,
16000,,,,,,,,,,,,,,,,,,,,,,,,,,,,,,,,,,
16000,,,,,,,,,,,,,,,,,,,,,,,,,,,,,,,,,,
16000,,,,,,,,,,,,,,,,,,,,,,,,,,,,,,,,,,
16000,,,,,,,,,,,,,,,,,,,,,,,,,,,,,,,,,,
16000,,,,,,,,,,,,,,,,,,,,,,,,,,,,,,,,,,
16000,,,,,,,,,,,,,,,,,,,,,,,,,,,,,,,,,,
16000,,,,,,,,,,,,,,,,,,,,,,,,,,,,,,,,,,
16000,,,,,,,,,,,,,,,,,,,,,,,,,,,,,,,,,,
16000,,,,,,,,,,,,,,,,,,,,,,,,,,,,,,,,,,
16000,,,,,,,,,,,,,,,,,,,,,,,,,,,,,,,,,,
16000,,,,,,,,,,,,,,,,,,,,,,,,,,,,,,,,,,
*SS_TOUCH_ACTIVE_TOTAL_IX_FORCE_MIN,16,1,,,,,,,,,,,,,,,,,,,,,,,,,,,,,,,,
600,,,,,,,,,,,,,,,,,,,,,,,,,,,,,,,,,,
600,,,,,,,,,,,,,,,,,,,,,,,,,,,,,,,,,,
600,,,,,,,,,,,,,,,,,,,,,,,,,,,,,,,,,,
600,,,,,,,,,,,,,,,,,,,,,,,,,,,,,,,,,,
600,,,,,,,,,,,,,,,,,,,,,,,,,,,,,,,,,,
600,,,,,,,,,,,,,,,,,,,,,,,,,,,,,,,,,,
600,,,,,,,,,,,,,,,,,,,,,,,,,,,,,,,,,,
600,,,,,,,,,,,,,,,,,,,,,,,,,,,,,,,,,,
600,,,,,,,,,,,,,,,,,,,,,,,,,,,,,,,,,,
600,,,,,,,,,,,,,,,,,,,,,,,,,,,,,,,,,,
600,,,,,,,,,,,,,,,,,,,,,,,,,,,,,,,,,,
600,,,,,,,,,,,,,,,,,,,,,,,,,,,,,,,,,,
600,,,,,,,,,,,,,,,,,,,,,,,,,,,,,,,,,,
600,,,,,,,,,,,,,,,,,,,,,,,,,,,,,,,,,,
600,,,,,,,,,,,,,,,,,,,,,,,,,,,,,,,,,,
600,,,,,,,,,,,,,,,,,,,,,,,,,,,,,,,,,,
*SS_TOUCH_ACTIVE_TOTAL_IX_FORCE_MAX,16,1,,,,,,,,,,,,,,,,,,,,,,,,,,,,,,,,
1100,,,,,,,,,,,,,,,,,,,,,,,,,,,,,,,,,,
1100,,,,,,,,,,,,,,,,,,,,,,,,,,,,,,,,,,
1100,,,,,,,,,,,,,,,,,,,,,,,,,,,,,,,,,,
1100,,,,,,,,,,,,,,,,,,,,,,,,,,,,,,,,,,
1100,,,,,,,,,,,,,,,,,,,,,,,,,,,,,,,,,,
1100,,,,,,,,,,,,,,,,,,,,,,,,,,,,,,,,,,
1100,,,,,,,,,,,,,,,,,,,,,,,,,,,,,,,,,,
1100,,,,,,,,,,,,,,,,,,,,,,,,,,,,,,,,,,
1100,,,,,,,,,,,,,,,,,,,,,,,,,,,,,,,,,,
1100,,,,,,,,,,,,,,,,,,,,,,,,,,,,,,,,,,
1100,,,,,,,,,,,,,,,,,,,,,,,,,,,,,,,,,,
1100,,,,,,,,,,,,,,,,,,,,,,,,,,,,,,,,,,
1100,,,,,,,,,,,,,,,,,,,,,,,,,,,,,,,,,,
1100,,,,,,,,,,,,,,,,,,,,,,,,,,,,,,,,,,
1100,,,,,,,,,,,,,,,,,,,,,,,,,,,,,,,,,,
1100,,,,,,,,,,,,,,,,,,,,,,,,,,,,,,,,,,
*SS_RAW_DATA_SENSE_MIN_MAX,1,2,,,,,,,,,,,,,,,,,,,,,,,,,,,,,,,,
-16000,16000,,,,,,,,,,,,,,,,,,,,,,,,,,,,,,,,,
*SS_RAW_DATA_SENSE_EACH_MIN,1,35,,,,,,,,,,,,,,,,,,,,,,,,,,,,,,,,
-16000,-16000,-16000,-16000,-16000,-16000,-16000,-16000,-16000,-16000,-16000,-16000,-16000,-16000,-16000,-16000,-16000,-16000,-16000,-16000,-16000,-16000,-16000,-16000,-16000,-16000,-16000,-16000,-16000,-16000,-16000,-16000,-16000,-16000,-16000
*SS_RAW_DATA_SENSE_EACH_MAX,1,35,,,,,,,,,,,,,,,,,,,,,,,,,,,,,,,,
16000,16000,16000,16000,16000,16000,16000,16000,16000,16000,16000,16000,16000,16000,16000,16000,16000,16000,16000,16000,16000,16000,16000,16000,16000,16000,16000,16000,16000,16000,16000,16000,16000,16000,16000
*SS_TOUCH_ACTIVE_TOTAL_IX_SENSE_MIN,1,35,,,,,,,,,,,,,,,,,,,,,,,,,,,,,,,,
200,200,200,200,200,200,200,200,200,200,200,200,200,200,200,200,200,200,200,200,200,200,200,200,200,200,200,200,200,200,200,200,200,200,200
*SS_TOUCH_ACTIVE_TOTAL_IX_SENSE_MAX,1,35,,,,,,,,,,,,,,,,,,,,,,,,,,,,,,,,
500,500,500,500,500,500,500,500,500,500,500,500,500,500,500,500,500,500,500,500,500,500,500,500,500,500,500,500,500,500,500,500,500,500,500
